pt_po_01,test1234,PTRUSER00001101,PT-Provider Operator-01,PTRORG000001000
pt_po_02,test1234,PTRUSER00001102,PT-Provider Operator-02,PTRORG000001000
pt_po_03,test1234,PTRUSER00001103,PT-Provider Operator-03,PTRORG000001000
pt_po_04,test1234,PTRUSER00001104,PT-Provider Operator-04,PTRORG000001000
pt_po_05,test1234,PTRUSER00001105,PT-Provider Operator-05,PTRORG000001000
pt_po_06,test1234,PTRUSER00001106,PT-Provider Operator-06,PTRORG000001000
pt_po_07,test1234,PTRUSER00001107,PT-Provider Operator-07,PTRORG000001000
pt_po_08,test1234,PTRUSER00001108,PT-Provider Operator-08,PTRORG000001000
pt_po_09,test1234,PTRUSER00001109,PT-Provider Operator-09,PTRORG000001000
pt_po_10,test1234,PTRUSER00001110,PT-Provider Operator-10,PTRORG000001000
pt_po_11,test1234,PTRUSER00001111,PT-Provider Operator-11,PTRORG000001000
pt_po_12,test1234,PTRUSER00001112,PT-Provider Operator-12,PTRORG000001000
pt_po_13,test1234,PTRUSER00001113,PT-Provider Operator-13,PTRORG000001000
pt_po_14,test1234,PTRUSER00001114,PT-Provider Operator-14,PTRORG000001000
pt_po_15,test1234,PTRUSER00001115,PT-Provider Operator-15,PTRORG000001000
pt_po_16,test1234,PTRUSER00001116,PT-Provider Operator-16,PTRORG000001000
pt_po_17,test1234,PTRUSER00001117,PT-Provider Operator-17,PTRORG000001000
pt_po_18,test1234,PTRUSER00001118,PT-Provider Operator-18,PTRORG000001000
pt_po_19,test1234,PTRUSER00001119,PT-Provider Operator-19,PTRORG000001000
pt_po_20,test1234,PTRUSER00001120,PT-Provider Operator-20,PTRORG000001000
